{"Age": {"median": 0.0, "q1": -0.417, "q3": 0.583, "q05": -1.0, "q95": 1.917, "q01": -1.333, "q99": 2.917}, "Tenure": {"median": 0.0, "q1": -0.5, "q3": 0.5, "q05": -1.0, "q95": 1.0, "q01": -1.25, "q99": 1.25}, "Balance": {"median": 0.0, "q1": -0.761, "q3": 0.239, "q05": -0.761, "q95": 0.5130999999999986, "q01": -0.761, "q99": 0.6950100000000001}, "EstimatedSalary": {"median": 0.0, "q1": -0.5, "q3": 0.5, "q05": -0.91805, "q95": 0.914, "q01": -1.0, "q99": 0.995}}